subreddit,total_pos_upvotes,total_items,last_created_utc,last_id,rate,num_pos_upvotes_removed,num_items_with_pos_upvotes_removed,score_of_max_pos_removed_item,id_of_max_pos_removed_item
18_19,6,3,1541031991,e8tm2x3,0.6666666666666666,4,1,4,e8tlqpk
2007scape,409,100,1541031388,e8tlhde,0.0513447432762836,21,1,21,e8tlbu0
2busty2hide,85,4,1541032320,e8tmeg6,0.0823529411764705,7,1,7,e8tmeg6
afl,394,51,1538354048,e6xwh83,0.0050761421319796,2,1,2,e6xvri0
alabama,35,11,1541032568,e8tmn7r,0.1142857142857142,4,2,2,e8tlao9
amd,101,29,1541032575,e8tmnha,0.0891089108910891,9,1,9,e8tlqzl
animalsbeingbros,1647,73,1541032584,e8tmntf,0.0060716454159077,10,2,7,e8tldjl
art,635,34,1541032570,e8tmn9z,0.0251968503937007,16,2,10,e8tkqbn
askanthropology,7,1,1538353184,e6xvlgg,1.0,7,1,7,e6xvlgg
askhistorians,242,24,1538354029,e6xwgk2,0.024793388429752,6,3,2,e6xulzi
askhistorians,76,20,1541032549,e8tmmkb,0.2763157894736842,21,2,11,e8tkq3j
askouija,1391,100,1541031130,e8tl86j,0.0222861250898634,31,1,31,e8tknmo
askouija,804,100,1541031650,e8tlquq,0.0024875621890547,2,1,2,e8tlggx
askouija,767,94,1541032585,e8tmnuv,0.0026075619295958,2,1,2,e8tm834
askreddit,827,100,1538352089,e6xufkw,0.0036275695284159,3,1,3,e6xuey8
askreddit,1021,100,1538352955,e6xvcm7,0.0029382957884427,3,1,3,e6xvce9
askreddit,647,100,1538353368,e6xvsb4,0.0077279752704791,5,1,5,e6xvrct
askreddit,769,100,1538353490,e6xvwt8,0.0039011703511053,3,1,3,e6xvvk9
askreddit,585,100,1538353796,e6xw7vd,0.0034188034188034,2,1,2,e6xw6vz
askreddit,543,100,1541030878,e8tkz75,0.003683241252302,2,1,2,e8tkz21
askreddit,390,100,1541031416,e8tlidq,0.0076923076923076,3,1,3,e8tli0m
askreddit,791,100,1541032133,e8tm808,0.0025284450063211,2,1,2,e8tm6zv
asksocialscience,6,5,1541032576,e8tmni0,0.6666666666666666,4,2,2,e8tkla5
askthe_donald,12,8,1541032527,e8tmlry,0.25,3,1,3,e8tlssj
askwomen,472,100,1541032094,e8tm6kr,0.0063559322033898,3,1,3,e8tlwe5
atlantahawks,5,1,1538352557,e6xuwwl,1.0,5,1,5,e6xuwwl
beto_for_senate,3,3,1541031739,e8tlu1n,0.6666666666666666,2,1,2,e8tl13p
bigbrother,1001,100,1538353501,e6xvx65,0.0139860139860139,14,2,11,e6xvnei
blackpeopletwitter,2273,100,1541032061,e8tm5ff,0.104707435107787,238,4,153,e8tlrd1
bluemidterm2018,269,44,1538353981,e6xwetd,0.0743494423791821,20,3,8,e6xvuxe
bojackhorseman,105,23,1538354005,e6xwfob,0.019047619047619,2,1,2,e6xvjtm
browns,915,100,1538353663,e6xw2we,0.0076502732240437,7,1,7,e6xw06e
cfb,921,100,1538352611,e6xuywm,0.00542888165038,5,1,5,e6xuy4b
cfb,1379,100,1538353153,e6xvkaw,0.005801305293691,8,3,3,e6xv0u0
cfb,989,100,1538353705,e6xw4gu,0.0080889787664307,8,2,6,e6xvpfp
cfb,856,100,1541031040,e8tl50d,0.0081775700934579,7,1,7,e8tl4sf
cfb,900,100,1541031500,e8tllgl,0.0155555555555555,14,1,14,e8tlfst
california,29,10,1538353978,e6xweoa,0.1379310344827586,4,1,4,e6xusj8
canadapolitics,342,47,1538353897,e6xwbr6,0.0116959064327485,4,1,4,e6xvrso
canadapolitics,233,43,1541032575,e8tmnhc,0.0429184549356223,10,2,5,e8tl52e
catholic,3,2,1541031472,e8tlkgj,0.6666666666666666,2,1,2,e8tlkgj
celebs,139,17,1541032258,e8tmcdw,0.0431654676258992,6,1,6,e8tm2h9
celebswithbigtits,8,1,1541032239,e8tmbqi,1.0,8,1,8,e8tmbqi
chapotraphouse,515,100,1538352729,e6xv3gn,0.003883495145631,2,1,2,e6xuy54
chapotraphouse,739,100,1538353379,e6xvsqw,0.0081190798376184,6,2,4,e6xviwa
china,54,19,1538354018,e6xwg4r,0.0555555555555555,3,1,3,e6xv6sp
clashofclans,56,22,1541032542,e8tmmcr,0.0535714285714285,3,1,3,e8tm8ym
codcompetitive,213,51,1541032584,e8tmntn,0.0328638497652582,7,1,7,e8tkxk0
competitiveoverwatch,1684,100,1541032526,e8tmlrb,0.001187648456057,2,1,2,e8tlu2v
conservative,742,86,1538354082,e6xwigw,0.0026954177897574,2,1,2,e6xw1m3
crappydesign,559,70,1538354062,e6xwhr7,0.0053667262969588,3,1,3,e6xudb1
cuckold,6,5,1541032521,e8tmlk2,0.5,3,1,3,e8tmih7
debatereligion,153,51,1538354079,e6xwie2,0.0130718954248366,2,1,2,e6xw4n4
delphimurders,84,14,1541032570,e8tmnb1,0.0476190476190476,4,2,2,e8tlhze
dogfree,179,12,1538354032,e6xwgnb,0.0558659217877094,10,1,10,e6xvuau
economics,153,32,1538354067,e6xwhx5,0.0261437908496732,4,1,4,e6xvyjk
feminism,17,7,1541032445,e8tmiww,0.1176470588235294,2,1,2,e8tm6zj
firefighting,14,8,1538353646,e6xw2an,0.1428571428571428,2,1,2,e6xuxj1
fortnitebr,270,100,1538352928,e6xvbk9,0.0074074074074074,2,1,2,e6xval6
fortnitebr,662,100,1538353589,e6xw07r,0.0030211480362537,2,1,2,e6xvycv
fortnitebr,834,100,1538354002,e6xwflt,0.0023980815347721,2,1,2,e6xwdp7
fortnitebr,932,100,1541031450,e8tljnc,0.0053648068669527,5,2,3,e8tldh0
freekarma4you,56,18,1541032514,e8tmlc2,0.2857142857142857,16,5,6,e8tmlc2
frugal,81,42,1538354086,e6xwim2,0.0617283950617283,5,2,3,e6xv3e0
fuckthealtright,113,20,1538354019,e6xwg7o,0.0265486725663716,3,1,3,e6xvge9
gamedeals,22,8,1538353954,e6xwduv,0.0909090909090909,2,1,2,e6xucvn
games,554,100,1538353366,e6xvs9c,0.0649819494584837,36,2,33,e6xucqv
games,1980,100,1541031781,e8tlvil,0.0025252525252525,5,1,5,e8tl10a
gaybrosgonewild,46,34,1541032481,e8tmk4u,0.0434782608695652,2,1,2,e8tknnu
hphogwartsmystery,79,9,1541032488,e8tmke8,0.0379746835443038,3,1,3,e8tkvaj
health,17,5,1538353954,e6xwdv1,0.1176470588235294,2,1,2,e6xvx4x
ice_poseidon,806,100,1538352619,e6xuz8i,0.0037220843672456,3,1,3,e6xuqbv
ice_poseidon,512,100,1538353183,e6xvlfi,0.03125,16,2,14,e6xvecp
ice_poseidon,539,100,1538353694,e6xw42e,0.059369202226345,32,3,25,e6xw0jf
ice_poseidon,731,64,1538354086,e6xwimu,0.0068399452804377,5,1,5,e6xwhlm
ice_poseidon,337,88,1541032576,e8tmnj4,0.1038575667655786,35,2,29,e8tmi25
inceltears,298,63,1538354019,e6xwg6x,0.0067114093959731,2,1,2,e6xuhqm
jerkofftocelebs,47,15,1541032556,e8tmmu7,0.1914893617021276,9,1,9,e8tlhc9
jessicamshannon,13,3,1538353935,e6xwd5y,0.4615384615384615,6,1,6,e6xw408
kaiserreich,98,20,1538354061,e6xwhpc,0.1020408163265306,10,1,10,e6xwawo
kanye,627,100,1538352771,e6xv57k,0.0031897926634768,2,1,2,e6xuzlf
kanye,526,100,1538353009,e6xvepd,0.0171102661596958,9,2,7,e6xv649
kanye,599,100,1538353262,e6xvocz,0.013355592654424,8,3,4,e6xvhvz
latestagecapitalism,120,34,1538354056,e6xwhig,0.0166666666666666,2,1,2,e6xv6c3
latestagecapitalism,140,39,1541032559,e8tmmy0,0.0214285714285714,3,1,3,e8tkogn
livestreamfail,2315,100,1538353868,e6xwao3,0.0138228941684665,32,2,23,e6xv081
livestreamfail,608,75,1541032586,e8tmnvt,0.0641447368421052,39,4,16,e8tlfto
mma,821,100,1541031144,e8tl8of,0.0097442143727162,8,3,4,e8tkvza
mma,1339,100,1541032108,e8tm745,0.0029873039581777,4,2,2,e8tlk1n
mma,737,59,1541032582,e8tmnqz,0.0366350067842605,27,4,15,e8tmc40
makingamurderer,164,49,1541032566,e8tmn5t,0.0182926829268292,3,1,3,e8tmn5t
mariners,130,16,1538353732,e6xw5dz,0.0461538461538461,6,1,6,e6xukvg
menslib,9,2,1541030967,e8tl2e0,0.3333333333333333,3,1,3,e8tl2e0
morbidreality,74,9,1538353917,e6xwchv,0.027027027027027,2,1,2,e6xvrc0
morbidreality,205,13,1541032309,e8tme2k,0.0634146341463414,13,1,13,e8tkv92
murderedbywords,362,100,1538352781,e6xv5mb,0.0359116022099447,13,3,6,e6xuzj1
neutralpolitics,35,7,1541032510,e8tml6v,0.2,7,1,7,e8tmd00
nostupidquestions,313,98,1541032585,e8tmnuu,0.0958466453674121,30,1,30,e8tlrq8
onoff,53,4,1538353175,e6xvl4q,0.8679245283018868,46,1,46,e6xv36l
onepiecetc,59,20,1538354066,e6xwhvx,0.4406779661016949,26,1,26,e6xw4ci
politicaldiscussion,934,72,1538354082,e6xwigy,0.0171306209850107,16,4,8,e6xuy0w
pornstars_nsfw,4,2,1541031623,e8tlpvs,0.75,3,1,3,e8tloje
prequelmemes,1362,100,1538353524,e6xvy0f,0.0022026431718061,3,1,3,e6xulhu
rainbow6,919,100,1538353111,e6xvini,0.0021762785636561,2,1,2,e6xue82
ravensvssteelerslivee,101,100,1538352337,e6xuojb,0.0198019801980198,2,1,2,e6xujrb
retropie,184,28,1541032465,e8tmjl4,0.0489130434782608,9,2,6,e8tmdn9
ss13,82,15,1541032518,e8tmlgh,0.0365853658536585,3,1,3,e8tku3h
sacramento,21,3,1538353356,e6xvrvg,0.1428571428571428,3,1,3,e6xvrvg
saints,891,93,1538354054,e6xwhga,0.0123456790123456,11,1,11,e6xvnz3
seahawks,1121,100,1538352785,e6xv5rw,0.0240856378233719,27,2,15,e6xugvp
seahawks,877,100,1538353631,e6xw1ql,0.0045610034207525,4,1,4,e6xvmgq
shitliberalssay,317,23,1541032532,e8tmlxj,0.0094637223974763,3,1,3,e8tm6jd
sneakers,374,96,1538354082,e6xwigo,0.1016042780748663,38,1,38,e6xvp0g
socalr4r,7,4,1541032546,e8tmmh7,0.7142857142857143,5,1,5,e8tm0d0
spacexlounge,70,9,1541031797,e8tlw2h,0.2571428571428571,18,1,18,e8tlab0
squaredcircle,648,100,1541030787,e8tkvzn,0.0462962962962962,30,2,17,e8tkvc9
squaredcircle,1402,100,1541031600,e8tlp23,0.0092724679029957,13,1,13,e8tli42
stacked,6,3,1541032561,e8tmmzp,0.3333333333333333,2,1,2,e8tmmzp
starwars,206,46,1538354080,e6xwieb,0.0242718446601941,5,1,5,e6xvnso
subredditdrama,153,27,1538354072,e6xwi4q,0.1111111111111111,17,1,17,e6xv16d
subredditdrama,1605,100,1541032569,e8tmn8w,0.0012461059190031,2,1,2,e8tkzn1
suicidewatch,46,22,1538354051,e6xwhd3,0.2608695652173913,12,2,7,e6xv6u2
suicidewatch,189,38,1541032581,e8tmnq1,0.0264550264550264,5,2,3,e8tm14p
thegirlsurvivalguide,276,16,1538354050,e6xwhb7,0.036231884057971,10,1,10,e6xw1t4
thenewright,52,28,1541032487,e8tmkdk,0.0384615384615384,2,1,2,e8tl5ij
the_donald,1058,100,1538352234,e6xuksd,0.1436672967863894,152,2,141,e6xuef9
the_donald,692,100,1538352406,e6xur4s,0.0028901734104046,2,1,2,e6xumne
the_donald,1576,100,1538352969,e6xvd6q,0.0025380710659898,4,1,4,e6xvbr1
the_donald,1899,100,1538353736,e6xw5ib,0.0057925223802001,11,1,11,e6xw0d7
the_donald,1033,100,1541031017,e8tl46t,0.0067763794772507,7,2,4,e8tkxyy
the_donald,685,100,1541031359,e8tlgaa,0.002919708029197,2,1,2,e8tlfaz
the_donald,719,100,1541031537,e8tlmt5,0.0027816411682892,2,1,2,e8tlii6
the_donald,798,100,1541032343,e8tmf94,0.0025062656641604,2,1,2,e8tm965
the_donald,1613,100,1541032562,e8tmn1d,0.0055796652200867,9,1,9,e8tmm0z
tinder,2462,100,1538354066,e6xwhwo,0.0020308692120227,5,1,5,e6xw867
trufemcels,32,17,1538353999,e6xwfhf,0.0625,2,1,2,e6xwfcb
twitch,26,19,1538353345,e6xvrhg,0.1153846153846153,3,1,3,e6xumbf
twobestfriendsplay,205,32,1541032585,e8tmnuf,0.0146341463414634,3,1,3,e8tmji3
twoxchromosomes,1869,100,1538353936,e6xwd68,0.0048154093097913,9,4,3,e6xv2a3
upliftingnews,75,23,1541032559,e8tmmxs,0.0266666666666666,2,1,2,e8tlu51
vaporwaveaesthetics,20,3,1538353636,e6xw1ws,0.3,6,1,6,e6xuy65
watchpeopledieinside,153,33,1538354065,e6xwhub,0.0849673202614379,13,1,13,e6xvesj
askaconservative,8,5,1538353923,e6xwcoy,0.375,3,1,3,e6xwcoy
askscience,583,49,1538354080,e6xwife,0.2795883361921097,163,3,136,e6xvht6
askscience,6934,32,1541032575,e8tmnhj,0.0112489183732333,78,4,38,e8tm6l4
atheism,994,100,1541031506,e8tllnn,0.0231388329979879,23,1,23,e8tkl54
australia,656,87,1538354069,e6xwi03,0.0640243902439024,42,1,42,e6xvc78
australia,1057,100,1541031693,e8tlsei,0.0719016083254493,76,6,27,e8tlqtn
australia,689,73,1541032586,e8tmnv2,0.1291727140783744,89,8,23,e8tml9y
aww,724,100,1538352491,e6xuubx,0.0027624309392265,2,1,2,e6xurmh
aww,1064,100,1541031332,e8tlfc9,0.0385338345864661,41,3,36,e8tl69r
aww,739,100,1541032241,e8tmbt4,0.0027063599458728,2,1,2,e8tm96i
baseball,6242,100,1541031202,e8tlaqm,0.0012816404998397,8,2,6,e8tl51z
benzodiazepines,23,10,1538353828,e6xw93u,0.0869565217391304,2,1,2,e6xw8oa
bimbofetish,11,3,1538353758,e6xw6d1,0.2727272727272727,3,1,3,e6xvys2
bipolar,50,20,1541032452,e8tmj5m,0.04,2,1,2,e8tlf33
blogsnark,484,44,1538353857,e6xwa9l,0.0165289256198347,8,1,8,e6xuqy7
bostonceltics,1553,100,1538354072,e6xwi4b,0.0019317450096587,3,1,3,e6xwau6
brasil,527,100,1538352768,e6xv52i,0.111954459203036,59,3,36,e6xv2w4
brasil,433,100,1538353561,e6xvza4,0.0046189376443418,2,1,2,e6xv7oj
brasil,340,59,1541032583,e8tmnsi,0.0147058823529411,5,1,5,e8tm2th
canada,46,4,1538354053,e6xwhef,0.1304347826086956,6,1,6,e6xwh6p
canada,542,100,1541031573,e8tlo3l,0.088560885608856,48,2,27,e8tkuri
canada,355,100,1541032481,e8tmk4m,0.0084507042253521,3,1,3,e8tmbjg
chanelsantini,2,1,1541032415,e8tmhub,1.0,2,1,2,e8tmhub
changemyview,246,100,1538353842,e6xw9nv,0.016260162601626,4,2,2,e6xucv3
chicagobulls,227,97,1541032582,e8tmnqu,0.0176211453744493,4,1,4,e8tlr2y
childfree,1440,70,1538354007,e6xwfr5,0.0013888888888888,2,1,2,e6xvmfy
circlejerk,510,16,1541032561,e8tmn08,0.9058823529411764,462,6,205,e8tmn08
classicfallout,4,2,1538353857,e6xwa9g,0.5,2,1,2,e6xwa9g
collegesluts,17,10,1541032527,e8tmlsc,0.1176470588235294,2,1,2,e8tl1xo
conspiracy,538,100,1538353370,e6xvse6,0.0780669144981412,42,7,16,e6xvn8k
conspiracy,295,100,1541032119,e8tm7i3,0.0067796610169491,2,1,2,e8tkp7a
cscareerquestions,275,53,1541032536,e8tmm43,0.0072727272727272,2,1,2,e8tmhs8
dankmemes,513,100,1541031732,e8tltrt,0.0136452241715399,7,1,7,e8tlqub
dankmemes,1621,129,1541032582,e8tmnqw,0.0567550894509562,92,4,68,e8tmfi9
deadbydaylight,390,81,1541032578,e8tmnkq,0.0205128205128205,8,1,8,e8tmawh
depression,433,100,1541032326,e8tment,0.0046189376443418,2,1,2,e8tkl11
discordapp,13,11,1538353888,e6xwbfs,0.1538461538461538,2,1,2,e6xut7s
educationalgifs,481,35,1538354034,e6xwgqc,0.0041580041580041,2,1,2,e6xv8ej
europe,474,73,1541032564,e8tmn2n,0.0295358649789029,14,2,12,e8tklo2
explainlikeimfive,674,42,1538354021,e6xwg9g,0.8887240356083086,599,3,585,e6xuhpy
fantasyfootball,505,100,1538353057,e6xvgk0,0.0039603960396039,2,1,2,e6xvcf2
fantasyfootball,269,100,1541031424,e8tling,0.0074349442379182,2,1,2,e8tl0lg
funny,629,100,1538353493,e6xvwxm,0.0095389507154213,6,1,6,e6xvvfm
funny,1231,100,1538353823,e6xw8x3,0.0048740861088545,6,1,6,e6xw6vb
funny,403,100,1541031470,e8tlkdk,0.0049627791563275,2,1,2,e8tlk76
furry,74,13,1538354039,e6xwgwv,0.1216216216216216,9,1,9,e6xvh6u
gaming,1112,100,1538352442,e6xush3,0.0215827338129496,24,1,24,e6xuibx
gaming,462,100,1538353731,e6xw5ck,0.0606060606060606,28,1,28,e6xw3jd
gatekeeping,9135,58,1538354059,e6xwhmx,0.2098522167487684,1917,1,1917,e6xv29o
geopolitics,103,13,1541032479,e8tmk29,0.5339805825242718,55,2,51,e8tkrp7
gifs,574,100,1538353949,e6xwdnw,0.0470383275261324,27,5,11,e6xvzcj
gifs,1825,100,1541031728,e8tltn9,0.0010958904109589,2,1,2,e8tlfen
gonewild,136,100,1538353730,e6xw5bg,0.0147058823529411,2,1,2,e6xw0nf
gonewild,213,100,1541031441,e8tljbb,0.0093896713615023,2,1,2,e8tlha6
gonewild,144,100,1541032461,e8tmjgg,0.0138888888888888,2,1,2,e8tm6wm
gundeals,347,50,1538354072,e6xwi4r,0.0057636887608069,2,1,2,e6xv0h2
hardware,93,17,1541032560,e8tmmza,0.2473118279569892,23,1,23,e8tm98k
heroin,23,14,1541032284,e8tmd9f,0.0869565217391304,2,1,2,e8tmc78
hiphopheads,3045,100,1538352311,e6xunkp,0.1625615763546798,495,1,495,e6xuf5n
hiphopheads,4774,100,1538352652,e6xv0hm,0.0335148722245496,160,1,160,e6xuykl
hiphopheads,2485,100,1538353849,e6xw9xq,0.0724346076458752,180,1,180,e6xvxqf
hiphopheads,1345,100,1541031039,e8tl4yo,0.0022304832713754,3,1,3,e8tkoyn
hiphopheads,963,100,1541031533,e8tlmnv,0.0020768431983385,2,1,2,e8tlg2f
history,298,56,1538354050,e6xwhbm,0.1577181208053691,47,5,30,e6xv287
iamatotalpieceofshit,160,39,1541032582,e8tmnqv,0.03125,5,1,5,e8tm4li
kendalljenner,23,2,1541030779,e8tkvqg,0.7391304347826086,17,1,17,e8tktql
ketogains,22,4,1538353371,e6xvsfu,0.6363636363636364,14,1,14,e6xv5gs
kurdistan,18,5,1538354045,e6xwh4h,0.1111111111111111,2,1,2,e6xw2r5
leagueoflegends,642,100,1538352608,e6xuytx,0.0046728971962616,3,1,3,e6xurn6
leagueoflegends,1022,100,1541030776,e8tkvm7,0.0068493150684931,7,1,7,e8tkul6
leagueoflegends,618,100,1541031730,e8tltpq,0.0080906148867313,5,1,5,e8tlsvw
leagueoflegends,609,100,1541032176,e8tm9h6,0.0049261083743842,3,1,3,e8tlw3j
leagueoflegends,308,82,1541032577,e8tmnjk,0.0259740259740259,8,1,8,e8tmat7
legaladvice,1618,100,1541031706,e8tlsv4,0.0043263288009888,7,2,5,e8tki5q
legaladvice,742,53,1541032586,e8tmnvw,0.0094339622641509,7,2,5,e8tmnsf
lifeisstrange,182,25,1538353899,e6xwbtg,0.0439560439560439,8,1,8,e6xvgin
linuxadmin,10,3,1538353929,e6xwcx3,0.2,2,1,2,e6xwcx3
malefashionadvice,97,34,1541032437,e8tminw,0.0824742268041237,8,1,8,e8tlt2u
malementalhealth,2,1,1538353309,e6xvq58,1.0,2,1,2,e6xvq58
mdememes,45,14,1541032422,e8tmi4x,0.0444444444444444,2,1,2,e8tla98
miamidolphins,150,41,1538354051,e6xwhcc,0.0333333333333333,5,2,3,e6xwewr
nba,1178,100,1538353454,e6xvvie,0.0059422750424448,7,1,7,e6xvrny
nbastreams,35,20,1538353985,e6xweyo,0.3714285714285714,13,5,4,e6xvav0
nbastreams,208,57,1541032538,e8tmm75,0.375,78,7,18,e8tlnw6
news,431,100,1538352360,e6xuper,0.0278422273781902,12,3,7,e6xun05
news,290,100,1538352766,e6xv500,0.0793103448275862,23,3,13,e6xuqi1
news,1194,100,1538353066,e6xvgxm,0.016750418760469,20,3,12,e6xvfjl
news,551,100,1538353497,e6xvx1j,0.0108892921960072,6,1,6,e6xvmhy
news,832,100,1538353866,e6xwam4,0.0048076923076923,4,1,4,e6xw4mo
news,697,72,1538354084,e6xwik4,0.266857962697274,186,4,170,e6xwgc2
news,812,100,1541031154,e8tl920,0.0369458128078817,30,2,21,e8tkwdd
news,1963,100,1541031567,e8tlnvp,0.032093734080489,63,4,53,e8tlddg
news,1381,100,1541031924,e8tm0iy,0.0224475018102824,31,2,29,e8tlwju
news,3123,100,1541032296,e8tmdng,0.0198527057316682,62,3,49,e8tm8p9
news,3533,80,1541032579,e8tmnmu,0.0042456835550523,15,2,9,e8tmkki
nfl,683,100,1538352440,e6xusds,0.0029282576866764,2,1,2,e6xuqyr
nfl,2649,100,1538352469,e6xuthq,0.001132502831257,3,1,3,e6xusgo
nfl,1986,100,1538352537,e6xuw52,0.2784491440080563,553,1,553,e6xuuw2
nfl,2037,100,1538352859,e6xv8v4,0.1104565537555228,225,1,225,e6xv8ek
nfl,1392,100,1538352920,e6xvb9y,0.0021551724137931,3,1,3,e6xvajb
nfl,1899,100,1538353078,e6xvheq,0.2480252764612954,471,1,471,e6xvgjc
nfl,1259,100,1538353112,e6xvipa,0.1739475774424146,219,1,219,e6xvi1w
nfl,991,100,1538353220,e6xvmsn,0.0292633703329969,29,1,29,e6xvmo9
nfl,1827,100,1538353288,e6xvpc6,0.0049261083743842,9,1,9,e6xvnyt
nfl,690,100,1538353370,e6xvse5,0.0101449275362318,7,1,7,e6xvrcg
nfl,2728,100,1538353447,e6xvv99,0.0161290322580645,44,1,44,e6xvuho
nfl,2593,100,1538353594,e6xw0ev,0.001156961048978,3,1,3,e6xvzy0
nfl,626,100,1538353851,e6xwa00,0.0527156549520766,33,1,33,e6xw92q
nfl,375,100,1538353952,e6xwdrn,0.0453333333333333,17,1,17,e6xwdca
nfl,813,100,1538353996,e6xwfd4,0.003690036900369,3,1,3,e6xwep0
nflstreams,86,30,1538354053,e6xwhfb,0.7093023255813954,61,6,37,e6xv721
nosleep,497,46,1541032582,e8tmnqh,0.0301810865191146,15,1,15,e8tlqit
ockytop,250,15,1538353904,e6xwc0g,0.012,3,1,3,e6xvnmh
pcgaming,586,88,1538354029,e6xwgjz,0.0034129692832764,2,1,2,e6xwg4t
pcmasterrace,552,100,1541031753,e8tlukf,0.0054347826086956,3,1,3,e8tlb45
pcmasterrace,245,74,1541032582,e8tmnre,0.036734693877551,9,1,9,e8tlvxc
personalfinance,441,100,1538353198,e6xvlys,0.0226757369614512,10,2,5,e6xuj5x
personalfinance,204,61,1538354073,e6xwi5p,0.0196078431372549,4,1,4,e6xw7op
personalfinance,307,100,1541031594,e8tloty,0.1107491856677524,34,3,17,e8tkn53
philosophy,92,11,1541032369,e8tmg7b,0.0326086956521739,3,1,3,e8tltiq
pics,551,100,1538352477,e6xutt2,0.0036297640653357,2,1,2,e6xuncj
pics,956,100,1541032144,e8tm8du,0.002092050209205,2,1,2,e8tm754
pokemongo,547,59,1541032556,e8tmmtr,0.0036563071297989,2,1,2,e8tm4u2
politics,3299,100,1538352108,e6xug85,0.0021218551076083,7,1,7,e6xudlo
politics,490,100,1538352214,e6xuk0w,0.0040816326530612,2,1,2,e6xuhob
politics,625,100,1538352449,e6xusri,0.008,5,1,5,e6xurb7
politics,675,100,1538352544,e6xuweu,0.0133333333333333,9,2,6,e6xuuhq
politics,1314,100,1538352664,e6xv0yl,0.0038051750380517,5,2,3,e6xv0sh
politics,722,100,1538352765,e6xv4zb,0.0235457063711911,17,2,14,e6xv1ti
politics,1539,100,1538352867,e6xv96i,0.0110461338531513,17,3,9,e6xv6aw
politics,383,100,1538352965,e6xvd0w,0.0391644908616188,15,2,10,e6xvbjs
politics,804,100,1538353078,e6xvhdq,0.0024875621890547,2,1,2,e6xvdop
politics,885,100,1538353319,e6xvqi3,0.0022598870056497,2,1,2,e6xvqcn
politics,973,100,1538353417,e6xvu69,0.0020554984583761,2,1,2,e6xvtx9
politics,1540,100,1538353848,e6xw9vr,0.0058441558441558,9,2,6,e6xw5qr
politics,4700,100,1541030493,e8tklit,0.0129787234042553,61,1,61,e8tkjnl
politics,935,100,1541031133,e8tl8an,0.0053475935828877,5,1,5,e8tl59d
politics,1039,100,1541031241,e8tlc2c,0.0057747834456207,6,1,6,e8tlabc
politics,518,100,1541031539,e8tlmvh,0.0115830115830115,6,1,6,e8tllst
politics,1348,100,1541031838,e8tlxji,0.0014836795252225,2,1,2,e8tlunb
realamd,10,5,1541031704,e8tlsrw,0.6,6,3,2,e8tl48p
reddeadredemption,309,100,1541032107,e8tm73a,0.0064724919093851,2,1,2,e8tm6i4
reddit.com,182,100,1136304621,c3039,0.0329670329670329,6,1,6,c2945
reddit.com,206,100,1136468078,c3369,0.0097087378640776,2,1,2,c3267
reddit.com,133,100,1136683549,c3814,0.0150375939849624,2,1,2,c3746
reddit.com,204,100,1136978955,c4568,0.0196078431372549,4,1,4,c4499
reddit.com,185,100,1137026075,c4783,0.0108108108108108,2,1,2,c4771
reddit.com,165,100,1137068960,c4890,0.0545454545454545,9,3,4,c4822
reddit.com,158,100,1137088706,c4994,0.0126582278481012,2,1,2,c4961
reddit.com,152,100,1137119379,c5135,0.0131578947368421,2,1,2,c5047
reddit.com,244,100,1137183094,c5408,0.0245901639344262,6,1,6,c5366
reddit.com,167,100,1137211532,c5510,0.0419161676646706,7,2,5,c5486
reddit.com,155,100,1137261889,c5628,0.1032258064516129,16,4,5,c5515
reddit.com,216,100,1137299119,c5743,0.0138888888888888,3,1,3,c5743
reddit.com,202,100,1137344339,c5853,0.0099009900990099,2,1,2,c5851
reddit.com,213,100,1137441612,c6188,0.0234741784037558,5,2,3,c6156
reddit.com,235,100,1137511708,c6410,0.0340425531914893,8,2,6,c6398
relationships,993,100,1538353081,e6xvhhu,0.0231621349446122,23,2,15,e6xv076
relationships,1000,100,1541031108,e8tl7eh,0.069,69,6,26,e8tkwjc
relationships,987,100,1541031938,e8tm0z5,0.0243161094224924,24,4,10,e8tljj1
relationships,596,82,1541032584,e8tmnss,0.0134228187919463,8,3,4,e8tml9u
residentevil,105,31,1538354046,e6xwh5e,0.0666666666666666,7,1,7,e6xuez7
rit,926,45,1541032556,e8tmmuf,0.0572354211663066,53,3,28,e8tloh1
runescape,215,62,1538354086,e6xwilx,0.0093023255813953,2,1,2,e6xw59f
rupaulsdragrace,403,33,1538354073,e6xwi5v,0.0049627791563275,2,1,2,e6xw400
samespecies,8,4,1541032574,e8tmnfh,0.25,2,1,2,e8tm963
saskatoon,67,11,1541032466,e8tmjmv,0.0298507462686567,2,1,2,e8tmjmv
science,95,13,1538354040,e6xwgyr,0.0421052631578947,4,1,4,e6xurdz
science,584,82,1541032585,e8tmnur,0.351027397260274,205,5,123,e8tl4ti
soccer,868,100,1538353117,e6xvivo,0.118663594470046,103,4,96,e6xujka
space,338,52,1538354047,e6xwh73,0.014792899408284,5,2,3,e6xuhma
sportsbook,216,41,1538353949,e6xwdoh,0.0092592592592592,2,1,2,e6xvfqc
sportsbook,58,25,1541032585,e8tmnu0,0.1551724137931034,9,1,9,e8tkngy
suicidegirls,3,1,1541031995,e8tm324,1.0,3,1,3,e8tm324
surfing,34,14,1538353951,e6xwdr1,0.1764705882352941,6,2,3,e6xunmt
survivor,791,100,1541031120,e8tl7ub,0.0025284450063211,2,1,2,e8tkwtu
survivor,765,100,1541031472,e8tlkfx,0.0732026143790849,56,2,33,e8tl7vb
svenskpolitik,133,20,1541032438,e8tmion,0.0451127819548872,6,2,4,e8tmgmp
thewalkingdead,203,23,1541032471,e8tmjsb,0.0591133004926108,12,1,12,e8tlk6x
theworldisflat,2,1,1538353858,e6xwabc,1.0,2,1,2,e6xwabc
tipofmytongue,105,54,1541032567,e8tmn6o,0.019047619047619,2,1,2,e8tm5h2
titfuck,3,1,1538354087,e6xwin9,1.0,3,1,3,e6xwin9
totalwar,199,41,1538354018,e6xwg55,0.0452261306532663,9,1,9,e6xwg2v
trees,846,100,1538353889,e6xwbh8,0.0023640661938534,2,1,2,e6xvlbh
u_simcatalog,2,1,1541031609,e8tlpej,1.0,2,1,2,e8tlpej
u_travelvee,12,11,1541032581,e8tmnq2,0.1666666666666666,2,1,2,e8tl68o
weedstocks,390,100,1541032392,e8tmh1o,0.0076923076923076,3,1,3,e8tlpx6
whatisthisthing,709,100,1538353983,e6xweuz,0.2764456981664316,196,2,161,e6xv6zj
wholesomememes,2565,91,1538354065,e6xwhuv,0.017933723196881,46,4,15,e6xuohw
wholesomememes,589,79,1541032476,e8tmjyg,0.0033955857385398,2,1,2,e8tkpqr
whowouldwin,66,27,1541032577,e8tmnkc,0.0303030303030303,2,1,2,e8tlgdw
witcher,1298,100,1541031535,e8tlmqw,0.0053929121725731,7,2,5,e8tkxhg
witcher,1000,100,1541032526,e8tmlqs,0.012,12,1,12,e8tm5ie
worldnews,2368,100,1538352759,e6xv4q0,0.0059121621621621,14,2,12,e6xuy4c
worldnews,1132,139,1538354077,e6xwiaj,0.00530035335689046,6,3,2,e6xwh8b
worldnews,812,100,1541031365,e8tlghr,0.0024630541871921,2,1,2,e8tlami
worldnews,4404,100,1541031847,e8tlxvj,0.0038601271571298,17,1,17,e8tlvn7
worldpowers,7,5,1541031746,e8tluap,0.2857142857142857,2,1,2,e8tl5dy
wow,770,100,1538352855,e6xv8pl,0.048051948051948,37,2,28,e6xv6m7
wow,637,100,1538353833,e6xw9b7,0.0188383045525902,12,1,12,e6xvwi1
wow,1215,100,1541031335,e8tlffo,0.0024691358024691,3,1,3,e8tktpk
yugioh,214,44,1541032586,e8tmnv7,0.0887850467289719,19,3,9,e8tkrey
