subreddit,total_pos_upvotes,total_items,last_created_utc,last_id,rate,num_pos_upvotes_removed,num_items_with_pos_upvotes_removed,score_of_max_pos_removed_item,id_of_max_pos_removed_item
leagueoflegends,1022,100,1541030776,e8tkvm7,0.00684931506849315,7,1,7,e8tkul6
legaladvice,1618,100,1541031706,e8tlsv4,0.004326328800988875,7,2,5,e8tki5q
relationships,1000,100,1541031108,e8tl7eh,0.069,69,6,26,e8tkwjc
2007scape,409,100,1541031388,e8tlhde,0.05134474327628362,21,1,21,e8tlbu0
canada,542,100,1541031573,e8tlo3l,0.08856088560885608,48,2,27,e8tkuri
politics,4700,100,1541030493,e8tklit,0.01297872340425532,61,1,61,e8tkjnl
AskHistorians,76,20,1541032549,e8tmmkb,0.27631578947368424,21,2,11,e8tkq3j
AskWomen,472,100,1541032094,e8tm6kr,0.006355932203389831,3,1,3,e8tlwe5
personalfinance,307,100,1541031594,e8tloty,0.11074918566775244,34,3,17,e8tkn53
mdememes,45,14,1541032422,e8tmi4x,0.044444444444444446,2,1,2,e8tla98
SquaredCircle,648,100,1541030787,e8tkvzn,0.046296296296296294,30,2,17,e8tkvc9
nbastreams,208,57,1541032538,e8tmm75,0.375,78,7,18,e8tlnw6
MMA,821,100,1541031144,e8tl8of,0.0097442143727162,8,3,4,e8tkvza
AskOuija,1391,100,1541031130,e8tl86j,0.02228612508986341,31,1,31,e8tknmo
wow,1215,100,1541031335,e8tlffo,0.0024691358024691358,3,1,3,e8tktpk
Games,1980,100,1541031781,e8tlvil,0.0025252525252525255,5,1,5,e8tl10a
atheism,994,100,1541031506,e8tllnn,0.023138832997987926,23,1,23,e8tkl54
witcher,1298,100,1541031535,e8tlmqw,0.00539291217257319,7,2,5,e8tkxhg
baseball,6242,100,1541031202,e8tlaqm,0.001281640499839795,8,2,6,e8tl51z
LivestreamFail,608,75,1541032586,e8tmnvt,0.06414473684210527,39,4,16,e8tlfto
malefashionadvice,97,34,1541032437,e8tminw,0.08247422680412371,8,1,8,e8tlt2u
conspiracy,295,100,1541032119,e8tm7i3,0.006779661016949152,2,1,2,e8tkp7a
hiphopheads,1345,100,1541031039,e8tl4yo,0.0022304832713754648,3,1,3,e8tkoyn
depression,433,100,1541032326,e8tment,0.004618937644341801,2,1,2,e8tkl11
pcmasterrace,552,100,1541031753,e8tlukf,0.005434782608695652,3,1,3,e8tlb45
Competitiveoverwatch,1684,100,1541032526,e8tmlrb,0.0011876484560570072,2,1,2,e8tlu2v
SuicideWatch,189,38,1541032581,e8tmnq1,0.026455026455026454,5,2,3,e8tm14p
MorbidReality,205,13,1541032309,e8tme2k,0.06341463414634146,13,1,13,e8tkv92
science,584,82,1541032585,e8tmnur,0.351027397260274,205,5,123,e8tl4ti
europe,474,73,1541032564,e8tmn2n,0.029535864978902954,14,2,12,e8tklo2
RetroPie,184,28,1541032465,e8tmjl4,0.04891304347826087,9,2,6,e8tmdn9
CanadaPolitics,233,43,1541032575,e8tmnhc,0.04291845493562232,10,2,5,e8tl52e
CoDCompetitive,213,51,1541032584,e8tmntn,0.03286384976525822,7,1,7,e8tkxk0
rit,926,45,1541032556,e8tmmuf,0.05723542116630669,53,3,28,e8tloh1
ShitLiberalsSay,317,23,1541032532,e8tmlxj,0.00946372239747634,3,1,3,e8tm6jd
AnimalsBeingBros,1647,73,1541032584,e8tmntf,0.006071645415907711,10,2,7,e8tldjl
deadbydaylight,390,81,1541032578,e8tmnkq,0.020512820512820513,8,1,8,e8tmawh
wholesomememes,589,79,1541032476,e8tmjyg,0.003395585738539898,2,1,2,e8tkpqr
u_travelvee,12,11,1541032581,e8tmnq2,0.16666666666666666,2,1,2,e8tl68o
nosleep,497,46,1541032582,e8tmnqh,0.030181086519114688,15,1,15,e8tlqit
sportsbook,58,25,1541032585,e8tmnu0,0.15517241379310345,9,1,9,e8tkngy
GaybrosGoneWild,46,34,1541032481,e8tmk4u,0.043478260869565216,2,1,2,e8tknnu
SubredditDrama,1605,100,1541032569,e8tmn8w,0.0012461059190031153,2,1,2,e8tkzn1
Alabama,35,11,1541032568,e8tmn7r,0.11428571428571428,4,2,2,e8tlao9
weedstocks,390,100,1541032392,e8tmh1o,0.007692307692307693,3,1,3,e8tlpx6
australia,1057,100,1541031693,e8tlsei,0.07190160832544938,76,6,27,e8tlqtn
ClashOfClans,56,22,1541032542,e8tmmcr,0.05357142857142857,3,1,3,e8tm8ym
Amd,101,29,1541032575,e8tmnha,0.0891089108910891,9,1,9,e8tlqzl
yugioh,214,44,1541032586,e8tmnv7,0.08878504672897196,19,3,9,e8tkrey
pokemongo,547,59,1541032556,e8tmmtr,0.003656307129798903,2,1,2,e8tm4u2
UpliftingNews,75,23,1541032559,e8tmmxs,0.02666666666666667,2,1,2,e8tlu51
chicagobulls,227,97,1541032582,e8tmnqu,0.01762114537444934,4,1,4,e8tlr2y
HPHogwartsMystery,79,9,1541032488,e8tmke8,0.0379746835443038,3,1,3,e8tkvaj
Beto_for_Senate,3,3,1541031739,e8tlu1n,0.6666666666666666,2,1,2,e8tl13p
SpaceXLounge,70,9,1541031797,e8tlw2h,0.2571428571428571,18,1,18,e8tlab0
collegesluts,17,10,1541032527,e8tmlsc,0.11764705882352941,2,1,2,e8tl1xo
LateStageCapitalism,140,39,1541032559,e8tmmy0,0.02142857142857143,3,1,3,e8tkogn
saskatoon,67,11,1541032466,e8tmjmv,0.029850746268656716,2,1,2,e8tmjmv
Celebs,139,17,1541032258,e8tmcdw,0.04316546762589928,6,1,6,e8tm2h9
cscareerquestions,275,53,1541032536,e8tmm43,0.007272727272727273,2,1,2,e8tmhs8
TheNewRight,52,28,1541032487,e8tmkdk,0.038461538461538464,2,1,2,e8tl5ij
heroin,23,14,1541032284,e8tmd9f,0.08695652173913043,2,1,2,e8tmc78
Cuckold,6,5,1541032521,e8tmlk2,0.5,3,1,3,e8tmih7
AskSocialScience,6,5,1541032576,e8tmni0,0.6666666666666666,4,2,2,e8tkla5
whowouldwin,66,27,1541032577,e8tmnkc,0.030303030303030304,2,1,2,e8tlgdw
SS13,82,15,1541032518,e8tmlgh,0.036585365853658534,3,1,3,e8tku3h
worldpowers,7,5,1541031746,e8tluap,0.2857142857142857,2,1,2,e8tl5dy
MakingaMurderer,164,49,1541032566,e8tmn5t,0.018292682926829267,3,1,3,e8tmn5t
svenskpolitik,133,20,1541032438,e8tmion,0.045112781954887216,6,2,4,e8tmgmp
SoCalR4R,7,4,1541032546,e8tmmh7,0.7142857142857143,5,1,5,e8tm0d0
iamatotalpieceofshit,160,39,1541032582,e8tmnqv,0.03125,5,1,5,e8tm4li
2busty2hide,85,4,1541032320,e8tmeg6,0.08235294117647059,7,1,7,e8tmeg6
tipofmytongue,105,54,1541032567,e8tmn6o,0.01904761904761905,2,1,2,e8tm5h2
askscience,6934,32,1541032575,e8tmnhj,0.011248918373233344,78,4,38,e8tm6l4
FreeKarma4You,56,18,1541032514,e8tmlc2,0.2857142857142857,16,5,6,e8tmlc2
Art,635,34,1541032570,e8tmn9z,0.025196850393700787,16,2,10,e8tkqbn
Feminism,17,7,1541032445,e8tmiww,0.11764705882352941,2,1,2,e8tm6zj
AskThe_Donald,12,8,1541032527,e8tmlry,0.25,3,1,3,e8tlssj
geopolitics,103,13,1541032479,e8tmk29,0.5339805825242718,55,2,51,e8tkrp7
CFB,856,100,1541031040,e8tl50d,0.008177570093457943,7,1,7,e8tl4sf
kendalljenner,23,2,1541030779,e8tkvqg,0.7391304347826086,17,1,17,e8tktql
survivor,791,100,1541031120,e8tl7ub,0.0025284450063211127,2,1,2,e8tkwtu
thewalkingdead,203,23,1541032471,e8tmjsb,0.059113300492610835,12,1,12,e8tlk6x
news,812,100,1541031154,e8tl920,0.03694581280788178,30,2,21,e8tkwdd
philosophy,92,11,1541032369,e8tmg7b,0.03260869565217391,3,1,3,e8tltiq
realAMD,10,5,1541031704,e8tlsrw,0.6,6,3,2,e8tl48p
The_Donald,1033,100,1541031017,e8tl46t,0.006776379477250726,7,2,4,e8tkxyy
NeutralPolitics,35,7,1541032510,e8tml6v,0.2,7,1,7,e8tmd00
fantasyfootball,269,100,1541031424,e8tling,0.007434944237918215,2,1,2,e8tl0lg
AskReddit,543,100,1541030878,e8tkz75,0.003683241252302026,2,1,2,e8tkz21
hardware,93,17,1541032560,e8tmmza,0.24731182795698925,23,1,23,e8tm98k
circlejerk,510,16,1541032561,e8tmn08,0.9058823529411765,462,6,205,e8tmn08
DelphiMurders,84,14,1541032570,e8tmnb1,0.047619047619047616,4,2,2,e8tlhze
gonewild,213,100,1541031441,e8tljbb,0.009389671361502348,2,1,2,e8tlha6
worldnews,812,100,1541031365,e8tlghr,0.0024630541871921183,2,1,2,e8tlami
JerkOffToCelebs,47,15,1541032556,e8tmmu7,0.19148936170212766,9,1,9,e8tlhc9
MensLib,9,2,1541030967,e8tl2e0,0.3333333333333333,3,1,3,e8tl2e0
aww,1064,100,1541031332,e8tlfc9,0.03853383458646616,41,3,36,e8tl69r
bipolar,50,20,1541032452,e8tmj5m,0.04,2,1,2,e8tlf33
politics,935,100,1541031133,e8tl8an,0.0053475935828877,5,1,5,e8tl59d
hiphopheads,963,100,1541031533,e8tlmnv,0.0020768431983385254,2,1,2,e8tlg2f
CFB,900,100,1541031500,e8tllgl,0.015555555555555555,14,1,14,e8tlfst
gifs,1825,100,1541031728,e8tltn9,0.001095890410958904,2,1,2,e8tlfen
survivor,765,100,1541031472,e8tlkfx,0.07320261437908497,56,2,33,e8tl7vb
relationships,987,100,1541031938,e8tm0z5,0.0243161094224924,24,4,10,e8tljj1
politics,1039,100,1541031241,e8tlc2c,0.005774783445620789,6,1,6,e8tlabc
BlackPeopleTwitter,2273,100,1541032061,e8tm5ff,0.10470743510778707,238,4,153,e8tlrd1
MMA,1339,100,1541032108,e8tm745,0.002987303958177745,4,2,2,e8tlk1n
AskOuija,804,100,1541031650,e8tlquq,0.0024875621890547263,2,1,2,e8tlggx
news,1963,100,1541031567,e8tlnvp,0.032093734080489045,63,4,53,e8tlddg
The_Donald,685,100,1541031359,e8tlgaa,0.00291970802919708,2,1,2,e8tlfaz
FortNiteBR,932,100,1541031450,e8tljnc,0.00536480686695279,5,2,3,e8tldh0
leagueoflegends,618,100,1541031730,e8tltpq,0.008090614886731391,5,1,5,e8tlsvw
funny,403,100,1541031470,e8tlkdk,0.004962779156327543,2,1,2,e8tlk76
SquaredCircle,1402,100,1541031600,e8tlp23,0.009272467902995721,13,1,13,e8tli42
The_Donald,719,100,1541031537,e8tlmt5,0.0027816411682892906,2,1,2,e8tlii6
worldnews,4404,100,1541031847,e8tlxvj,0.003860127157129882,17,1,17,e8tlvn7
AskReddit,390,100,1541031416,e8tlidq,0.007692307692307693,3,1,3,e8tli0m
Catholic,3,2,1541031472,e8tlkgj,0.6666666666666666,2,1,2,e8tlkgj
politics,518,100,1541031539,e8tlmvh,0.011583011583011582,6,1,6,e8tllst
dankmemes,513,100,1541031732,e8tltrt,0.01364522417153996,7,1,7,e8tlqub
NoStupidQuestions,313,98,1541032585,e8tmnuu,0.09584664536741214,30,1,30,e8tlrq8
witcher,1000,100,1541032526,e8tmlqs,0.012,12,1,12,e8tm5ie
news,1381,100,1541031924,e8tm0iy,0.022447501810282405,31,2,29,e8tlwju
canada,355,100,1541032481,e8tmk4m,0.008450704225352112,3,1,3,e8tmbjg
Pornstars_NSFW,4,2,1541031623,e8tlpvs,0.75,3,1,3,e8tloje
u_simcatalog,2,1,1541031609,e8tlpej,1.0,2,1,2,e8tlpej
18_19,6,3,1541031991,e8tm2x3,0.6666666666666666,4,1,4,e8tlqpk
australia,689,73,1541032586,e8tmnv2,0.12917271407837447,89,8,23,e8tml9y
legaladvice,742,53,1541032586,e8tmnvw,0.009433962264150943,7,2,5,e8tmnsf
leagueoflegends,609,100,1541032176,e8tm9h6,0.0049261083743842365,3,1,3,e8tlw3j
politics,1348,100,1541031838,e8tlxji,0.001483679525222552,2,1,2,e8tlunb
pcmasterrace,245,74,1541032582,e8tmnre,0.036734693877551024,9,1,9,e8tlvxc
brasil,340,59,1541032583,e8tmnsi,0.014705882352941176,5,1,5,e8tm2th
Ice_Poseidon,337,88,1541032576,e8tmnj4,0.10385756676557864,35,2,29,e8tmi25
Stacked,6,3,1541032561,e8tmmzp,0.3333333333333333,2,1,2,e8tmmzp
reddeadredemption,309,100,1541032107,e8tm73a,0.006472491909385114,2,1,2,e8tm6i4
news,3123,100,1541032296,e8tmdng,0.01985270573166827,62,3,49,e8tm8p9
gonewild,144,100,1541032461,e8tmjgg,0.013888888888888888,2,1,2,e8tm6wm
aww,739,100,1541032241,e8tmbt4,0.0027063599458728013,2,1,2,e8tm96i
relationships,596,82,1541032584,e8tmnss,0.013422818791946308,8,3,4,e8tml9u
pics,956,100,1541032144,e8tm8du,0.0020920502092050207,2,1,2,e8tm754
suicidegirls,3,1,1541031995,e8tm324,1.0,3,1,3,e8tm324
dankmemes,1458,100,1541032375,e8tmgfc,0.04663923182441701,68,1,68,e8tmfi9
AskReddit,791,100,1541032133,e8tm808,0.0025284450063211127,2,1,2,e8tm6zv
AskOuija,767,94,1541032585,e8tmnuv,0.002607561929595828,2,1,2,e8tm834
MMA,737,59,1541032582,e8tmnqz,0.036635006784260515,27,4,15,e8tmc40
The_Donald,798,100,1541032343,e8tmf94,0.002506265664160401,2,1,2,e8tm965
samespecies,8,4,1541032574,e8tmnfh,0.25,2,1,2,e8tm963
TwoBestFriendsPlay,205,32,1541032585,e8tmnuf,0.014634146341463415,3,1,3,e8tmji3
leagueoflegends,308,82,1541032577,e8tmnjk,0.025974025974025976,8,1,8,e8tmat7
Celebswithbigtits,8,1,1541032239,e8tmbqi,1.0,8,1,8,e8tmbqi
news,3533,80,1541032579,e8tmnmu,0.0042456835550523635,15,2,9,e8tmkki
The_Donald,1613,100,1541032562,e8tmn1d,0.005579665220086794,9,1,9,e8tmm0z
chanelsantini,2,1,1541032415,e8tmhub,1.0,2,1,2,e8tmhub
dankmemes,163,29,1541032582,e8tmnqw,0.147239263803681,24,3,15,e8tmm8g
